Brett Cooper Reacts to WOKE TikTok Resolutions for 2023,News,9.9
Episode #1.10,News,9.9
Episode #4.2,News,9.9
Gas Stoves Are Racist and Dangerous?!,News,9.9
I Cannot Believe This Book Exists On The Shelves Of SCHOOL Libraries.,News,9.9
Prince Oak Oakleyski and News Interviewers,News,9.9
Star Wars Accused Their Entire Fandom of WHAT?!,News,9.9
These Might Be the Top 3 Wokest Commercials Ever,News,9.9
Wie schaff ich es in Hollywood?,News,9.9
"Another Man Is Now Documenting His \"Womanhood\"",News,9.8
